"UID","taxon","genus","species","type","year","latitude","longitude","locality","collector","issues"
"442433989","Magnolia acuminata (L.) L.","Magnolia","acuminata","H",2024,39.492715,-79.155785,"Maryland, US","Josh Emm","cdc,cdround"
"442434271","Magnolia acuminata (L.) L.","Magnolia","acuminata","G",2024,39.490365,-79.042175,"Maryland, US","Josh Emm","cdc,cdround"
"442434545","Magnolia acuminata (L.) L.","Magnolia","acuminata","G",2024,39.54974,-79.05133,"Maryland, US","Josh Emm","cdc,cdround"
"443594642","Magnolia acuminata (L.) L.","Magnolia","acuminata","G",2024,40.124052,-77.680706,"Franklin County, PA, USA","Nate Hartley","cdc,cdround"
"449878017","Magnolia acuminata (L.) L.","Magnolia","acuminata","H",2024,39.540655,-79.433414,"United States","Josh Emm","cdc,cdround"
"450432187","Magnolia acuminata (L.) L.","Magnolia","acuminata","H",2024,40.982093,-81.306114,"Hartville, OH 44632, USA","Anna","cdc,cdround"
"450985219","Magnolia acuminata (L.) L.","Magnolia","acuminata","H",2024,39.457652,-82.150834,"Wayne National Forest, Millfield, OH, US","Sam Gutekanst","cdc,cdround"
"451256409","Magnolia acuminata (L.) L.","Magnolia","acuminata","H",2024,37.791717,-79.172862,"Virginia, US","Josh Emm","cdc,cdround"
"451500048","Magnolia acuminata (L.) L.","Magnolia","acuminata","H",2024,37.110797,-84.686653,"Pulaski County, KY, USA","Ethan Wells","cdc,cdround"
"451694977","Magnolia acuminata (L.) L.","Magnolia","acuminata","H",2024,39.698715,-78.942717,"Frostburg, MD, US","Brady O'Brien","cdc,cdround"
"452568609","Magnolia acuminata (L.) L.","Magnolia","acuminata","H",2024,39.624597,-79.290405,"Garrett County, MD, USA","John Carr","cdc,cdround"
"454272898","Magnolia acuminata (L.) L.","Magnolia","acuminata","H",2024,37.239534,-89.327654,"Illinois, US","Zach Skubiszewski","cdc,cdround"
NA,"Magnolia acuminata (L.) L.","Magnolia","acuminata","H",2024,48.056957,7.809213,NA,"-1011141008","cdc,cdround,gass84,muluriiv"
"457707119","Magnolia acuminata (L.) L.","Magnolia","acuminata","H",2024,36.146015,-81.798581,"Pisgah National Forest, Seven Devils, NC, US","amelia_gallina","cdc,cdround"
"458052633","Magnolia acuminata (L.) L.","Magnolia","acuminata","H",2024,39.633417,-79.064932,"United States","Josh Emm","cdc,cdround"
"460471397","Magnolia acuminata (L.) L.","Magnolia","acuminata","H",2024,41.219795,-81.699821,"Medina County, OH, USA","Jessica Williams","cdc,cdround"
"325226637","Magnolia acuminata (L.) L.","Magnolia","acuminata","H",2023,41.613299,-80.107332,"Pennsylvania, US","lionsmane91","cdc,cdround"
"328560128","Magnolia acuminata (L.) L.","Magnolia","acuminata","H",2023,41.343585,-79.377209,"Clarion County, US-PA, US","Eric Schill","cdc,cdround"
"329703900","Magnolia acuminata (L.) L.","Magnolia","acuminata","G",2023,39.698347,-78.941836,"Midland, MD 21532, USA","Alina Martin","cdc,cdround"
"330799728","Magnolia acuminata (L.) L.","Magnolia","acuminata","G",2023,39.543736,-79.081156,"Swanton, MD 21561, USA","Alina Martin","cdc,cdround"
"330799756","Magnolia acuminata (L.) L.","Magnolia","acuminata","G",2023,39.543722,-79.0811,"Swanton, MD 21561, USA","Alina Martin","cdc,cdround"
"332442626","Magnolia acuminata (L.) L.","Magnolia","acuminata","G",2023,41.013685,-81.811425,"Ohio, US","nr_travis","cdc,cdround"
"332524272","Magnolia acuminata (L.) L.","Magnolia","acuminata","H",2023,40.696525,-76.910378,"Pennsylvania, US","Nate Hartley","cdc,cdround"
"332674539","Magnolia acuminata (L.) L.","Magnolia","acuminata","H",2023,42.395508,-76.552124,"Robert H. Treman State Park, Ithaca, NY, US","efd46","cdc,cdround"
"332731591","Magnolia acuminata (L.) L.","Magnolia","acuminata","H",2023,37.221791,-89.324286,"Illinois, US","Matt Tomlinson","cdc,cdround"
"332861598","Magnolia acuminata (L.) L.","Magnolia","acuminata","H",2023,35.898983,-79.030955,"The University of North Carolina at Chapel Hill, Chapel Hill, NC, US","Scott Ward","cdc,cdround"
"333260081","Magnolia acuminata (L.) L.","Magnolia","acuminata","H",2023,39.607342,-79.826513,"Masontown, WV, US","Kyle Aldinger","cdc,cdround"
"335235597","Magnolia acuminata (L.) L.","Magnolia","acuminata","H",2023,42.649911,-80.467478,"Port Rowan, ON N0E 1M0, Canada","brandannorman","cdc,cdround"
"335960493","Magnolia acuminata (L.) L.","Magnolia","acuminata","H",2023,37.928403,-78.936456,"Nelson County, VA, USA","Betsy Washington","cdc,cdround"
"336662676","Magnolia acuminata (L.) L.","Magnolia","acuminata","H",2023,42.207187,-79.190997,"Chautauqua County, NY, USA","Erik Danielsen","cdc,cdround"
"336744811","Magnolia acuminata (L.) L.","Magnolia","acuminata","G",2023,34.954425,-83.829063,"Miller Trek, Young Harris, GA, US","ross_ny","cdc,cdround"
"338228762","Magnolia acuminata (L.) L.","Magnolia","acuminata","G",2023,31.80545,-91.75801,"Catahoula Parish, LA, USA - Sicily Island Hills (JC ""Sonny"" Gilbert WMA)","jonathanclark","cdc,cdround"
"337830256","Magnolia acuminata (L.) L.","Magnolia","acuminata","G",2023,42.114966,-79.274055,"Chautauqua, New York, United States","Erik Danielsen","cdc,cdround"
"341494013","Magnolia acuminata (L.) L.","Magnolia","acuminata","G",2023,35.09943,-85.239755,"Chattanooga State Community College, Chattanooga, TN, US","Skye Webb","cdc,cdround"
"341570995","Magnolia acuminata (L.) L.","Magnolia","acuminata","G",2023,41.336219,-81.109173,"Ohio, US","Tomás Curtis","cdc,cdround"
"342325107","Magnolia acuminata (L.) L.","Magnolia","acuminata","G",2023,41.504259,-79.890557,"Jackson Township, PA, USA","Leora Fitz","cdc,cdround"
"343170606","Magnolia acuminata (L.) L.","Magnolia","acuminata","G",2023,39.326051,-79.254431,"Maryland, US","Josh Emm","cdc,cdround"
"343645357","Magnolia acuminata (L.) L.","Magnolia","acuminata","H",2023,39.731317,-79.482914,"United States","Josh Emm","cdc,cdround"
"343931558","Magnolia acuminata (L.) L.","Magnolia","acuminata","H",2023,42.742947,-80.426925,"Norfolk County, ON, CA","Jacqueline Weber","cdc,cdround"
"343931967","Magnolia acuminata (L.) L.","Magnolia","acuminata","H",2023,42.742858,-80.427863,"Norfolk County, ON, CA","Jacqueline Weber","cdc,cdround"
"344107156","Magnolia acuminata (L.) L.","Magnolia","acuminata","H",2023,37.4841,-89.351088,"Shawnee National Forest, Jonesboro, IL, US","cmidden","cdc,cdround"
"344412351","Magnolia acuminata (L.) L.","Magnolia","acuminata","H",2023,37.495179,-89.334574,"Illinois, US","Zach Skubiszewski","cdc,cdround"
"345578731","Magnolia acuminata (L.) L.","Magnolia","acuminata","H",2023,37.787814,-81.140654,"Beckley, WV 25801, USA","Steven Wilson","cdc,cdround"
"391811796","Magnolia acuminata (L.) L.","Magnolia","acuminata","H",2023,33.94418,-82.584083,"Pistol Creek Ext, Tignall, GA, US","eawyche","cdc,cdround"
"346102601","Magnolia acuminata (L.) L.","Magnolia","acuminata","H",2023,42.334763,-76.661963,"Newfield, NY, US","myrashulman","cdc,cdround"
"346181755","Magnolia acuminata (L.) L.","Magnolia","acuminata","H",2023,37.859495,-81.095302,"Lawton, WV 25864, USA","Steven Wilson","cdc,cdround"
"349645601","Magnolia acuminata (L.) L.","Magnolia","acuminata","H",2023,34.798363,-86.296869,"Alabama, US","Helen A. Czech","cdc,cdround"
"350921304","Magnolia acuminata (L.) L.","Magnolia","acuminata","H",2023,36.669149,-84.542271,"Stearns, KY 42647, USA","Tyson Gregory","cdc,cdround"
"351017332","Magnolia acuminata (L.) L.","Magnolia","acuminata","G",2023,40.446686,-78.901405,"Vintondale","smartinbiologist","cdc,cdround"
"351195686","Magnolia acuminata (L.) L.","Magnolia","acuminata","H",2023,35.479013,-83.569295,"North Carolina, US","Erik Danielsen","cdc,cdround"
"351212022","Magnolia acuminata (L.) L.","Magnolia","acuminata","H",2023,38.34141,-81.725068,"Little Creek Park Rd, South Charleston, WV 25309, USA","yakfur","cdc,cdround"
"351399769","Magnolia acuminata (L.) L.","Magnolia","acuminata","H",2023,35.121915,-85.609579,"Sequatchie, TN, US","tnnaturelover","cdc,cdround"
"351556670","Magnolia acuminata (L.) L.","Magnolia","acuminata","H",2023,31.006797,-89.716994,"Marion County, MS, USA","Mac H. Alford","cdc,cdround"
"352052018","Magnolia acuminata (L.) L.","Magnolia","acuminata","H",2023,33.320968,-87.538293,"The Willows, Northport, AL, US","EH","cdc,cdround"
"352054021","Magnolia acuminata (L.) L.","Magnolia","acuminata","H",2023,33.320681,-87.538214,"House Bend Rd, Northport, AL, US","EH","cdc,cdround"
"352832172","Magnolia acuminata (L.) L.","Magnolia","acuminata","H",2023,35.489395,-82.25806,"North Carolina, US","Billy Gottenstrater","cdc,cdround"
"353000293","Magnolia acuminata (L.) L.","Magnolia","acuminata","H",2023,37.487579,-89.518251,"Illinois, US","Matt Tomlinson","cdc,cdround"
"365984828","Magnolia acuminata (L.) L.","Magnolia","acuminata","H",2023,33.453788,-90.061719,"Carroll County, US-MS, US","charmo57","cdc,cdround"
"353575668","Magnolia acuminata (L.) L.","Magnolia","acuminata","H",2023,37.327297,-89.351386,"Illinois, US","abelkinser","cdc,cdround"
"353749273","Magnolia acuminata (L.) L.","Magnolia","acuminata","H",2023,39.535419,-79.234455,"Bittinger Rd, Swanton, MD, US","Brady O'Brien","cdc,cdround"
"354227662","Magnolia acuminata (L.) L.","Magnolia","acuminata","H",2023,37.23703,-89.384695,"Illinois, US","abelkinser","cdc,cdround"
"354230028","Magnolia acuminata (L.) L.","Magnolia","acuminata","G",2023,35.756832,-83.207908,"Cosby Picnic Pavillion, Cosby, TN 37722, USA","Will Kuhn","cdc,cdround"
"354231681","Magnolia acuminata (L.) L.","Magnolia","acuminata","G",2023,37.384057,-89.238159,"Illinois, US","abelkinser","cdc,cdround"
"354393337","Magnolia acuminata (L.) L.","Magnolia","acuminata","G",2023,38.697113,-85.992218,"Scottsburg","baileymcintire","cdc,cdround"
"354616068","Magnolia acuminata (L.) L.","Magnolia","acuminata","G",2023,35.648792,-83.582336,"Sevier County, TN, USA","Janet Wright","cdc,cdround"
"354622961","Magnolia acuminata (L.) L.","Magnolia","acuminata","H",2023,35.663222,-83.521399,"Sevier County, Great Smoky Mountains National Park, US-TN, US","Brian Keener","cdc,cdround"
"354643761","Magnolia acuminata (L.) L.","Magnolia","acuminata","H",2023,35.082181,-83.620688,"Nantahala National Forest, Hayesville, NC, US","matblamac","cdc,cdround"
"354789957","Magnolia acuminata (L.) L.","Magnolia","acuminata","H",2023,35.679203,-83.530695,"Great Smoky Mountains, Gatlinburg, TN, US","Joey Shaw","cdc,cdround"
"354835307","Magnolia acuminata (L.) L.","Magnolia","acuminata","H",2023,35.922653,-82.176056,"Yancey, North Carolina, United States","Emily L. Stanley","cdc,cdround"
"355627258","Magnolia acuminata (L.) L.","Magnolia","acuminata","H",2023,39.190104,-76.894868,"Robinson Nature Center, Columbia, MD, US","pearleco","cdc,cdround"
"375352359","Magnolia acuminata (L.) L.","Magnolia","acuminata","H",2023,36.363114,-81.36347,"Jefferson, NC 28640, USA","Sommer","cdc,cdround"
"355852277","Magnolia acuminata (L.) L.","Magnolia","acuminata","H",2023,37.392578,-89.328342,"Illinois, US","Zach Skubiszewski","cdc,cdround"
"356285618","Magnolia acuminata (L.) L.","Magnolia","acuminata","H",2023,36.143302,-82.233451,"Unicoi, TN 37692, USA","minervamom","cdc,cdround"
"356451596","Magnolia acuminata (L.) L.","Magnolia","acuminata","G",2023,35.094405,-83.521934,"Nantahala National Forest, Franklin, NC, US","Margaret Woodbridge","cdc,cdround"
"356452907","Magnolia acuminata (L.) L.","Magnolia","acuminata","G",2023,35.094585,-83.521893,"Nantahala National Forest, Franklin, NC, US","Margaret Woodbridge","cdc,cdround"
"357337602","Magnolia acuminata (L.) L.","Magnolia","acuminata","G",2023,37.711066,-79.898736,"Botetourt County, VA, USA","forestseasons","cdc,cdround"
"357488419","Magnolia acuminata (L.) L.","Magnolia","acuminata","G",2023,37.320085,-89.326904,"Illinois, US","abelkinser","cdc,cdround"
"357547734","Magnolia acuminata (L.) L.","Magnolia","acuminata","G",2023,37.395517,-89.337278,"Illinois, US","abelkinser","cdc,cdround"
"358041023","Magnolia acuminata (L.) L.","Magnolia","acuminata","G",2023,35.679203,-83.530694,"Sevier County, TN, USA","Joey Shaw","cdc,cdround"
"358277582","Magnolia acuminata (L.) L.","Magnolia","acuminata","G",2023,37.633984,-79.553723,"Rockbridge County, VA, USA","forestseasons","cdc,cdround"
"362356623","Magnolia acuminata (L.) L.","Magnolia","acuminata","H",2023,35.70054,-94.031814,"Crawford County, AR, USA","Jennifer Ogle","cdc,cdround"
"368115812","Magnolia acuminata (L.) L.","Magnolia","acuminata","H",2023,37.821451,-83.757568,"Kentucky, US","Tyson Gregory","cdc,cdround"
"401405511","Magnolia acuminata (L.) L.","Magnolia","acuminata","H",2023,37.242372,-89.329622,"Illinois, US","Christopher David Benda","cdc,cdround"
"401407923","Magnolia acuminata (L.) L.","Magnolia","acuminata","H",2023,37.321127,-89.28189,"Illinois, US","Christopher David Benda","cdc,cdround"
"358214328","Magnolia acuminata (L.) L.","Magnolia","acuminata","H",2023,35.5015,-91.83442,"Cleburne County, AR, USA","boverser","cdc,cdround"
"358617864","Magnolia acuminata (L.) L.","Magnolia","acuminata","H",2023,36.424652,-80.306305,"Stokes County, US-NC, US","birdrangerbb","cdc,cdround"
"359081022","Magnolia acuminata (L.) L.","Magnolia","acuminata","H",2023,40.140666,-79.263097,"PA-381, Rector, PA, US","Mason Heberling","cdc,cdround"
"359090392","Magnolia acuminata (L.) L.","Magnolia","acuminata","H",2023,36.12112,-81.828476,"Grandfather Mountain State Park, Sugar Mountain, NC, US","amelia_gallina","cdc,cdround"
"359346528","Magnolia acuminata (L.) L.","Magnolia","acuminata","H",2023,39.558235,-76.993935,"Farm Museum Rd, Westminster, MD, US","conniey","cdc,cdround"
"359371337","Magnolia acuminata (L.) L.","Magnolia","acuminata","H",2023,40.140731,-79.263062,"PA-381, Rector, PA, US","Alyssa Landa","cdc,cdround"
"359514284","Magnolia acuminata (L.) L.","Magnolia","acuminata","H",2023,39.422879,-76.811669,"Owings Mills, MD 21117, USA","johncanoles","cdc,cdround"
"361886480","Magnolia acuminata (L.) L.","Magnolia","acuminata","H",2023,37.494119,-79.542036,"Buchanan, VA 24066, USA","bohowes","cdc,cdround"
"359966970","Magnolia acuminata (L.) L.","Magnolia","acuminata","H",2023,35.6559,-92.529725,"Clinton, AR, US","Matthew Friant","cdc"
"360503691","Magnolia acuminata (L.) L.","Magnolia","acuminata","H",2023,39.967102,-84.171085,"City Park, Tipp City, OH, US","Susanna Gehrt","cdc,cdround"
"360640838","Magnolia acuminata (L.) L.","Magnolia","acuminata","H",2023,35.007417,-85.367527,"Lookout Valley, Chattanooga, TN, USA","Nina Grauley","cdc,cdround"
"360799518","Magnolia acuminata (L.) L.","Magnolia","acuminata","H",2023,30.522347,-84.255225,"Maclay Gardens State Park, Tallahassee, FL, US","user_not__found","cdc,cdround"
"361020737","Magnolia acuminata (L.) L.","Magnolia","acuminata","H",2023,31.3787,-85.80503,"Enterprise, AL, US","kommissar","cdc"
"361264494","Magnolia acuminata (L.) L.","Magnolia","acuminata","H",2023,40.140781,-79.263047,"Westmoreland County, PA, USA","Bonnie Isaac","cdc,cdround"
"361328505","Magnolia acuminata (L.) L.","Magnolia","acuminata","H",2023,38.478529,-81.365751,"Clendenin, WV, US","Rodney Haynes","cdc,cdround"
"362044403","Magnolia acuminata (L.) L.","Magnolia","acuminata","H",2023,41.281159,-81.4446,"Ohio, US","Summit Metro Parks","cdc,cdround"
"362192057","Magnolia acuminata (L.) L.","Magnolia","acuminata","H",2023,39.877031,-79.615892,"Hopwood, PA 15445, USA","Claire Ciafré","cdc,cdround"
"362195028","Magnolia acuminata (L.) L.","Magnolia","acuminata","H",2023,36.580131,-83.690806,"Cumberland Gap National Historical Park, Claiborne County, US-TN, US","Alaina Krakowiak","cdc,cdround"
"362210432","Magnolia acuminata (L.) L.","Magnolia","acuminata","H",2023,39.919161,-79.606633,"Dunbar Township, PA, USA","Claire Ciafré","cdc,cdround"
"362366216","Magnolia acuminata (L.) L.","Magnolia","acuminata","G",2023,39.500201,-78.301711,"Cacapon Resort State Park, Berkeley Springs, WV, US","valchaney","cdc,cdround"
"375352773","Magnolia acuminata (L.) L.","Magnolia","acuminata","G",2023,34.780548,-93.849359,"Ouachita National Forest, Parks, AR, US","lstock81","cdc,cdround"
"362689519","Magnolia acuminata (L.) L.","Magnolia","acuminata","G",2023,36.194924,-81.87415,"Beech Mountain, NC, USA","Ezra Moorefield","cdc,cdround"
"362802629","Magnolia acuminata (L.) L.","Magnolia","acuminata","G",2023,40.40586,-81.185822,"Ohio, US","spidi","cdc,cdround"
"362808400","Magnolia acuminata (L.) L.","Magnolia","acuminata","G",2023,32.770353,-83.38748,"Myricks Mill Rd, Jeffersonville, GA, US","Brandon Fountain","cdc,cdround"
"362823602","Magnolia acuminata (L.) L.","Magnolia","acuminata","G",2023,42.718999,-80.557263,"Haldimand-Norfolk, CA-ON, CA","Carl-Adam Wegenschimmel","cdc,cdround"
"362853790","Magnolia acuminata (L.) L.","Magnolia","acuminata","G",2023,35.795608,-81.854697,"Morganton, NC 28655, USA","Billy Gottenstrater","cdc,cdround"
"362903891","Magnolia acuminata (L.) L.","Magnolia","acuminata","G",2023,39.628655,-79.126102,"Garrett County, MD, USA","Nate Hartley","cdc,cdround"
"363189304","Magnolia acuminata (L.) L.","Magnolia","acuminata","G",2023,36.298393,-83.83858,"Island F, Maynardville, TN, US","monicablack","cdc,cdround"
"363300743","Magnolia acuminata (L.) L.","Magnolia","acuminata","G",2023,35.932386,-80.159862,"North Carolina, US","Robby Deans","cdc,cdround"
"363528935","Magnolia acuminata (L.) L.","Magnolia","acuminata","G",2023,31.129296,-89.640767,"Mississippi, US","alli-gator","cdc,cdround"
"363596927","Magnolia acuminata (L.) L.","Magnolia","acuminata","G",2023,33.209347,-89.073222,"Louisville, MS 39339, USA","Brian Williams","cdc,cdround"
"363636758","Magnolia acuminata (L.) L.","Magnolia","acuminata","G",2023,37.390575,-80.507658,"Newport, VA 24128, USA","Abir Jain","cdc,cdround"
"363966070","Magnolia acuminata (L.) L.","Magnolia","acuminata","G",2023,34.995276,-84.640498,"Ocoee, TN 37361, USA","Siddarth Machado","cdc,cdround"
"363966074","Magnolia acuminata (L.) L.","Magnolia","acuminata","G",2023,34.995276,-84.640498,"Ocoee, TN 37361, USA","Siddarth Machado","cdc,cdround"
"363980987","Magnolia acuminata (L.) L.","Magnolia","acuminata","G",2023,41.302181,-73.972575,"Iona Island, Rockland County, New York, USA","Kristof Zyskowski","cdc,cdround"
"364039004","Magnolia acuminata (L.) L.","Magnolia","acuminata","G",2023,33.206843,-89.07444,"Louisville, MS 39339, USA","mjthorn01","cdc,cdround"
"364215032","Magnolia acuminata (L.) L.","Magnolia","acuminata","G",2023,40.593671,-78.112806,"Porter Township, PA, USA","Gary Delise","cdc,cdround"
"364316429","Magnolia acuminata (L.) L.","Magnolia","acuminata","G",2023,35.958117,-93.510179,"Madison County, US-AR, US","Cheryl Hall","cdc,cdround"
"364393183","Magnolia acuminata (L.) L.","Magnolia","acuminata","G",2023,39.425968,-79.446312,"United States","Josh Emm","cdc,cdround"
"364579041","Magnolia acuminata (L.) L.","Magnolia","acuminata","G",2023,41.493617,-81.593645,"N Park Blvd, Cleveland Heights, OH, US","Ana B. Locci","cdc,cdround"
"365102810","Magnolia acuminata (L.) L.","Magnolia","acuminata","G",2023,40.577997,-80.181697,"Bell Acres, PA 15143, USA","Dawn Wehman","cdc,cdround"
"365326233","Magnolia acuminata (L.) L.","Magnolia","acuminata","G",2023,41.387798,-81.693194,"Somia Dr, Parma, OH, US","ckwild","cdc,cdround"
"365349958","Magnolia acuminata (L.) L.","Magnolia","acuminata","G",2023,41.389266,-81.687335,"Parma, OH, US","ckwild","cdc,cdround"
"365727900","Magnolia acuminata (L.) L.","Magnolia","acuminata","G",2023,40.050987,-79.285484,"Somerset, PA, US","dimitsana","cdc,cdround"
"365768864","Magnolia acuminata (L.) L.","Magnolia","acuminata","G",2023,36.853424,-81.523293,"Smyth County, US-VA, US","brandonc31","cdc,cdround"
"365793905","Magnolia acuminata (L.) L.","Magnolia","acuminata","G",2023,40.74946,-77.84723,"Pine Grove Mills, PA, USA","Jonathan Berlin","cdc"
"365859161","Magnolia acuminata (L.) L.","Magnolia","acuminata","G",2023,32.916851,-86.268478,"Rockford","bonzierb","cdc,cdround"
"365884180","Magnolia acuminata (L.) L.","Magnolia","acuminata","G",2023,40.555217,-81.3646,"Boone Rd NE, Dover, OH, US","Timothy Frey","cdc,cdround"
"365890031","Magnolia acuminata (L.) L.","Magnolia","acuminata","G",2023,42.337498,-79.188429,"Charlotte, NY, USA","Priscilla Titus","cdc,cdround"
"366163916","Magnolia acuminata (L.) L.","Magnolia","acuminata","G",2023,34.602431,-84.623531,"East Ellijay, GA 30540, USA","northganaturalist","cdc,cdround"
"366249979","Magnolia acuminata (L.) L.","Magnolia","acuminata","G",2023,41.497958,-81.681986,"Downtown, Cleveland, OH, USA","Chuck Slusarczyk Jr.","cdc,cdround"
"366317437","Magnolia acuminata (L.) L.","Magnolia","acuminata","G",2023,37.976776,-80.387309,"Greenbrier County, US-WV, US","johnbotany","cdc,cdround"
"366318043","Magnolia acuminata (L.) L.","Magnolia","acuminata","G",2023,37.412406,-80.522325,"Newport, VA 24128, USA","Abir Jain","cdc,cdround"
"366327681","Magnolia acuminata (L.) L.","Magnolia","acuminata","G",2023,37.392283,-89.347795,"Illinois, US","Christopher David Benda","cdc,cdround"
"366336392","Magnolia acuminata (L.) L.","Magnolia","acuminata","G",2023,41.008295,-80.00264,"Brady Township, PA 16057, USA","Natalie","cdc,cdround"
"366651836","Magnolia acuminata (L.) L.","Magnolia","acuminata","G",2023,39.647552,-78.823222,"United States","Josh Emm","cdc,cdround"
"366662718","Magnolia acuminata (L.) L.","Magnolia","acuminata","G",2023,40.746058,-81.741477,"Woodbury Cir, Dalton, OH, US","Timothy Frey","cdc"
"366723124","Magnolia acuminata (L.) L.","Magnolia","acuminata","G",2023,33.71727,-83.276885,"Greene County, GA, USA","Siddarth Machado","cdc,cdround"
"367488710","Magnolia acuminata (L.) L.","Magnolia","acuminata","G",2023,41.381545,-81.466252,"Ohio, US","Summit Metro Parks","cdc,cdround"
"367637231","Magnolia acuminata (L.) L.","Magnolia","acuminata","G",2023,35.631195,-83.215683,"Great Smoky Mountains, Cherokee, NC, US","bog_badger","cdc,cdround"
"367677347","Magnolia acuminata (L.) L.","Magnolia","acuminata","G",2023,38.941937,-79.77703,"Mt Zion Run Rd, Elkins, WV, US","fawnsheadgrove","cdc,cdround"
"367722449","Magnolia acuminata (L.) L.","Magnolia","acuminata","G",2023,39.619557,-78.899214,"United States","Sharon Forsyth","cdc,cdround"
"367895617","Magnolia acuminata (L.) L.","Magnolia","acuminata","G",2023,36.817944,-81.399552,"George Washington & Jefferson National Forests, Marion, VA, US","mzpollynator","cdc,cdround"
"367905213","Magnolia acuminata (L.) L.","Magnolia","acuminata","G",2023,35.641337,-83.188295,"Great Smoky Mountains, Maggie Valley, NC, US","bog_badger","cdc,cdround"
"367992153","Magnolia acuminata (L.) L.","Magnolia","acuminata","G",2023,37.748447,-79.200937,"George Washington & Jefferson National Forests, Vesuvius, VA, US","Isaac Matlock","cdc,cdround"
"439779765","Magnolia acuminata (L.) L.","Magnolia","acuminata","G",2023,36.364895,-81.366357,"Jefferson, NC 28640, USA","Sommer","cdc,cdround"
"368266924","Magnolia acuminata (L.) L.","Magnolia","acuminata","G",2023,36.142139,-84.869456,"Deer Lodge, TN 37726, USA","naturegal64","cdc,cdround"
"368362432","Magnolia acuminata (L.) L.","Magnolia","acuminata","G",2023,40.076783,-88.23323,"Champaign, IL, US","Joel A","cdc,cdround"
"368392705","Magnolia acuminata (L.) L.","Magnolia","acuminata","H",2023,34.884983,-86.014686,"Stevenson, AL, US","Sequoia Janirella Wrens","cdc,cdround"
"368473839","Magnolia acuminata (L.) L.","Magnolia","acuminata","H",2023,43.34508,-76.686478,"Fair Haven Beach State Park, Sterling, NY, US","Albert E. Fulton, Ph.D.","cdc,cdround"
"368498832","Magnolia acuminata (L.) L.","Magnolia","acuminata","H",2023,40.563475,-78.256452,"Pennsylvania, US","Brian Daggs","cdc,cdround"
"368518759","Magnolia acuminata (L.) L.","Magnolia","acuminata","H",2023,37.287065,-89.306795,"Illinois, US","Christopher David Benda","cdc,cdround"
"368689565","Magnolia acuminata (L.) L.","Magnolia","acuminata","H",2023,33.376339,-86.852417,"Hoover, AL 35226, USA","wenj","cdc,cdround"
"368758270","Magnolia acuminata (L.) L.","Magnolia","acuminata","H",2023,34.609002,-84.637232,"East Ellijay, GA 30540, USA","northganaturalist","cdc,cdround"
"368880477","Magnolia acuminata (L.) L.","Magnolia","acuminata","H",2023,36.166511,-93.283607,"Arkansas, US","Matt Tomlinson","cdc,cdround"
"368912165","Magnolia acuminata (L.) L.","Magnolia","acuminata","H",2023,36.051904,-81.858026,"Avery, Blue Ridge Parkway, North Carolina, United States","Jax","cdc,cdround"
"369166198","Magnolia acuminata (L.) L.","Magnolia","acuminata","H",2023,41.592074,-80.356729,"Crawford County, US-PA, US","Castilleja Fallon Olmsted","cdc,cdround"
"369621512","Magnolia acuminata (L.) L.","Magnolia","acuminata","H",2023,38.874929,-77.134855,"Wilson Blvd & Manchester St, Arlington, VA 22205, USA","ralt","cdc"
"369695639","Magnolia acuminata (L.) L.","Magnolia","acuminata","H",2023,30.808597,-92.283947,"St Landry, LA 71367, USA","annieliveoak","cdc,cdround"
"376204231","Magnolia acuminata (L.) L.","Magnolia","acuminata","H",2023,34.882545,-86.009102,"Jackson County, AL, USA","Sequoia Janirella Wrens","cdc"
"385178529","Magnolia acuminata (L.) L.","Magnolia","acuminata","H",2023,34.88451,-86.01458,"Jackson County, AL, USA","Sequoia Janirella Wrens","cdc"
"370392951","Magnolia acuminata (L.) L.","Magnolia","acuminata","H",2023,34.88467,-86.016327,"Jackson County, AL, USA","Sequoia Janirella Wrens","cdc"
"371548027","Magnolia acuminata (L.) L.","Magnolia","acuminata","H",2023,34.891238,-86.173583,"Estillfork, AL, US","Jared Shorma","cdc,cdround"
"371904585","Magnolia acuminata (L.) L.","Magnolia","acuminata","H",2023,34.737769,-83.931146,"Union County, GA, USA","Jared Gorrell","cdc,cdround"
"375261767","Magnolia acuminata (L.) L.","Magnolia","acuminata","H",2023,34.737603,-83.931183,"Appalachian Trail, Blairsville, GA, US","Liszák Kristály","cdc,cdround"
"375601376","Magnolia acuminata (L.) L.","Magnolia","acuminata","H",2023,32.982096,-87.417946,"Talladega National Forest, Brent, AL, US","ssutto","cdc,cdround"
"383949470","Magnolia acuminata (L.) L.","Magnolia","acuminata","H",2023,39.582586,-78.10263,"Cherry Run, WV 25427, USA","marlenepd","cdc,cdround"
"400709579","Magnolia acuminata (L.) L.","Magnolia","acuminata","H",2023,34.686902,-94.375414,"Polk County, AR, USA","Jeremy Collison","cdc,cdround"
NA,"Magnolia acuminata (L.) L.","Magnolia","acuminata","H",2023,37.378019,-80.525926,NA,"Margaret Cumberland (ORCID 0000-0003-1944-3584)","cdc,ambinst"
"370243311","Magnolia acuminata (L.) L.","Magnolia","acuminata","H",2023,41.349518,-80.803017,"Bristolville","watchtheclockray","cdc,cdround"
"370295662","Magnolia acuminata (L.) L.","Magnolia","acuminata","H",2023,42.21002,-79.75885,"Miller Rd, Ripley, NY, US","devinb1126","cdc"
"370325148","Magnolia acuminata (L.) L.","Magnolia","acuminata","H",2023,36.767131,-80.659709,"Hillsville, VA 24343, USA","dande","cdc,cdround"
"370561882","Magnolia acuminata (L.) L.","Magnolia","acuminata","H",2023,42.227098,-73.74563,"NY-23B, Red Mills, NY, US","bugstyl","cdc,cdround"
"370655315","Magnolia acuminata (L.) L.","Magnolia","acuminata","H",2023,34.707093,-83.915328,"Lumpkin County, US-GA, US","Blake Pagnier","cdc,cdround"
"370664193","Magnolia acuminata (L.) L.","Magnolia","acuminata","H",2023,36.840479,-84.332442,"Whitley County, US-KY, US","putterdog","cdc,cdround"
"371267502","Magnolia acuminata (L.) L.","Magnolia","acuminata","H",2023,43.050949,-76.420884,"Onondaga County, NY, USA","David DuBois","cdc,cdround"
"371320348","Magnolia acuminata (L.) L.","Magnolia","acuminata","H",2023,39.585149,-79.0497,"Barton, MD 21521, USA","Roy Boyle","cdc"
"371508123","Magnolia acuminata (L.) L.","Magnolia","acuminata","H",2023,41.341408,-81.589499,"Ohio, US","botany08","cdc,cdround"
"372073127","Magnolia acuminata (L.) L.","Magnolia","acuminata","H",2023,34.705629,-83.915665,"Lumpkin County, GA, USA","Jared Gorrell","cdc,cdround"
"372170675","Magnolia acuminata var. acuminata","Magnolia","acuminata","H",2023,36.662542,-83.559114,"Miracle, KY 40856, USA","Alaina Krakowiak","cdc,cdround"
"372434985","Magnolia acuminata (L.) L.","Magnolia","acuminata","H",2023,36.660065,-83.434432,"Ewing, VA 24248, USA","Robert Langellier","cdc,cdround"
"372489187","Magnolia acuminata (L.) L.","Magnolia","acuminata","H",2023,35.678008,-82.807883,"Clarks Cove Rd, Leicester, NC, US","atripp","cdc,cdround"
"372760730","Magnolia acuminata (L.) L.","Magnolia","acuminata","H",2023,41.332631,-81.695243,"Ohio, US","Summit Metro Parks","cdc,cdround"
"372820882","Magnolia acuminata (L.) L.","Magnolia","acuminata","H",2023,36.428986,-81.183105,"Laurel Springs","rdell","cdc,cdround"
"373000896","Magnolia acuminata (L.) L.","Magnolia","acuminata","H",2023,42.245441,-76.290001,"New York, US","graecefrog","cdc,cdround"
"373130802","Magnolia acuminata (L.) L.","Magnolia","acuminata","H",2023,38.352777,-81.613043,"Charleston, WV, US","Rodney Haynes","cdc,cdround"
"373197802","Magnolia acuminata (L.) L.","Magnolia","acuminata","H",2023,42.382497,-76.677728,"Newfield, NY, US","spiker","cdc,cdround"
"373213144","Magnolia acuminata (L.) L.","Magnolia","acuminata","H",2023,39.627445,-79.152009,"W Shale Rd, Grantsville, MD, US","Robert Ferraro","cdc,cdround"
"373275990","Magnolia acuminata (L.) L.","Magnolia","acuminata","H",2023,41.264767,-81.845213,"Brunswick, OH, US","Timothy Frey","cdc,cdround"
"373322474","Magnolia acuminata (L.) L.","Magnolia","acuminata","H",2023,35.804158,-82.346528,"Pisgah National Forest, Barnardsville, NC, US","Scott Morris","cdc"
"373474823","Magnolia acuminata (L.) L.","Magnolia","acuminata","H",2023,36.835338,-80.346655,"Floyd, VA, US","stephmaniaci","cdc,cdround"
"373704891","Magnolia acuminata (L.) L.","Magnolia","acuminata","H",2023,39.363246,-79.233012,"Garrett County, US-MD, US","bbuzas","cdc,cdround"
"373704030","Magnolia acuminata (L.) L.","Magnolia","acuminata","H",2023,38.184137,-80.252732,"Pocahontas County, US-WV, US","joannerhutton","cdc,cdround"
"373711781","Magnolia acuminata (L.) L.","Magnolia","acuminata","H",2023,36.79385,-80.468461,"Floyd County, VA, USA","sblumen","cdc,cdround"
"373909947","Magnolia acuminata (L.) L.","Magnolia","acuminata","H",2023,39.646008,-79.136344,"W Shale Rd, Grantsville, MD, US","Ashley M Bradford","cdc,cdround"
"373947503","Magnolia acuminata (L.) L.","Magnolia","acuminata","H",2023,39.646453,-79.137528,"Grantsville, MD, US","Ashley M Bradford","cdc,cdround"
"374101648","Magnolia acuminata (L.) L.","Magnolia","acuminata","H",2023,41.463128,-81.525859,"Ohio, US","Mike Benard","cdc,cdround"
"374147252","Magnolia acuminata (L.) L.","Magnolia","acuminata","H",2023,39.770531,-79.166527,"United States","johnbotany","cdc,cdround"
"374366800","Magnolia acuminata (L.) L.","Magnolia","acuminata","H",2023,39.647305,-79.139769,"Grantsville, MD, US","Ashley M Bradford","cdc,cdround"
"374380826","Magnolia acuminata (L.) L.","Magnolia","acuminata","H",2023,36.143744,-81.63359,"Blowing Rock, NC 28605, USA","Kevin Hudson","cdc,cdround"
"374535788","Magnolia acuminata (L.) L.","Magnolia","acuminata","H",2023,39.59425,-79.179742,"Big Run Rd, Grantsville, MD, US","Ashley M Bradford","cdc,cdround"
"397950853","Magnolia acuminata (L.) L.","Magnolia","acuminata","H",2023,35.810163,-78.715128,"Raleigh, NC 27607, USA","levimadn","cdc,cdround"
"375085397","Magnolia acuminata (L.) L.","Magnolia","acuminata","H",2023,41.018204,-80.721269,"Kyle Woods State Nature Preserve, Canfield, OH, US","lunaofthewoods","cdc,cdround"
"375462335","Magnolia acuminata (L.) L.","Magnolia","acuminata","H",2023,39.576122,-79.203087,"Grantsville, MD, US","Ashley M Bradford","cdc,cdround"
"375885266","Magnolia acuminata (L.) L.","Magnolia","acuminata","H",2023,39.670593,-79.321877,"Accident","coveoriole","cdc,cdround"
"375916812","Magnolia acuminata (L.) L.","Magnolia","acuminata","H",2023,35.721058,-82.415211,"Buncombe County, US-NC, US","Jane Margaret Bell","cdc,cdround"
"376103088","Magnolia acuminata (L.) L.","Magnolia","acuminata","H",2023,40.781738,-75.292612,"Belfast Rd, Nazareth, PA, US","stephenkloiber","cdc,cdround"
"376206528","Magnolia acuminata (L.) L.","Magnolia","acuminata","H",2023,40.120433,-79.175112,"Boswell, PA, US","Yianni Laskaris","cdc,cdround"
"377702560","Magnolia acuminata (L.) L.","Magnolia","acuminata","H",2023,41.411988,-81.416026,"Bentleyville, OH, USA","Martin J. Calabrese","cdc"
"376271371","Magnolia acuminata (L.) L.","Magnolia","acuminata","H",2023,39.71363,-78.912347,"Frostburg, MD, US","bluejacket01","cdc,cdround"
"376312180","Magnolia acuminata (L.) L.","Magnolia","acuminata","H",2023,40.024947,-75.204545,"Hermit St, Philadelphia, PA, US","paul_dennehy","cdc,cdround"
"376318346","Magnolia acuminata (L.) L.","Magnolia","acuminata","H",2023,39.710279,-79.1496,"United States","Sharon Forsyth","cdc,cdround"
"376525457","Magnolia acuminata (L.) L.","Magnolia","acuminata","H",2023,39.63314,-79.154849,"United States","Josh Emm","cdc,cdround"
"376528053","Magnolia acuminata (L.) L.","Magnolia","acuminata","H",2023,36.085003,-81.846251,"2050 Blowing Rock Hwy, Linville, NC 28646, USA","Lori A Owenby","cdc,cdround"
"376874389","Magnolia acuminata (L.) L.","Magnolia","acuminata","H",2023,40.581217,-81.443582,"Dover Township, OH, USA","Zachary Justus","cdc,cdround"
"376649668","Magnolia acuminata (L.) L.","Magnolia","acuminata","H",2023,41.337147,-81.845895,"Mill Stream Run Reservation, Strongsville, OH, US","wilywoman","cdc,cdround"
"376810447","Magnolia acuminata (L.) L.","Magnolia","acuminata","H",2023,39.698363,-78.941833,"Frostburg, MD, US","Ashley M Bradford","cdc,cdround"
"377099990","Magnolia acuminata (L.) L.","Magnolia","acuminata","H",2023,35.483376,-82.19048,"Rumbling Bald on Lake Lure, Lake Lure, NC, US","cookiewithat","cdc,cdround"
"377553708","Magnolia acuminata (L.) L.","Magnolia","acuminata","H",2023,36.513138,-82.605988,"Bays Mountain Park, Kingsport, TN, US","caseSensitive Photos - Jay Huron","cdc,cdround"
"377608835","Magnolia acuminata (L.) L.","Magnolia","acuminata","H",2023,36.086308,-81.841863,"Grandfather Mountain","Annkatrin Rose","cdc,cdround"
"377766657","Magnolia acuminata (L.) L.","Magnolia","acuminata","H",2023,43.047956,-75.406228,"Clinton, NY, US","Lythronax246","cdc,cdround"
"377801453","Magnolia acuminata (L.) L.","Magnolia","acuminata","H",2023,39.651761,-78.452666,"Allegany County, MD, USA","forestseasons","cdc,cdround"
"378609532","Magnolia acuminata (L.) L.","Magnolia","acuminata","H",2023,35.295922,-82.783486,"Brevard, NC 28712, USA","Billy Gottenstrater","cdc,cdround"
"378540048","Magnolia acuminata (L.) L.","Magnolia","acuminata","H",2023,37.378458,-80.15633,"Roanoke County, VA, USA","forestseasons","cdc,cdround"
"378838243","Magnolia acuminata (L.) L.","Magnolia","acuminata","H",2023,39.54347,-79.080558,"Westernport Rd, Westernport, MD, US","Frode Jacobsen","cdc,cdround"
"379202497","Magnolia acuminata (L.) L.","Magnolia","acuminata","H",2023,38.920805,-90.226578,"Godfrey, IL, US","sammyd_","cdc,cdround"
"379257602","Magnolia acuminata (L.) L.","Magnolia","acuminata","H",2023,40.140172,-79.262505,"Rector, PA, US","Andrea Kautz","cdc,cdround"
"379994155","Magnolia acuminata (L.) L.","Magnolia","acuminata","H",2023,37.359803,-80.532772,"Newport, VA 24128, USA","Matthew Smith","cdc,cdround"
"380248768","Magnolia acuminata (L.) L.","Magnolia","acuminata","H",2023,36.057451,-93.261811,"Harrison, AR 72601, USA","robboo","cdc,cdround"
"380526957","Magnolia acuminata (L.) L.","Magnolia","acuminata","H",2023,41.597605,-81.348454,"Chapin Forest Reservation, Kirtland, OH, US","Josh Davidson","cdc,cdround"
"380570092","Magnolia acuminata (L.) L.","Magnolia","acuminata","H",2023,36.288791,-83.268185,"Bean Station, TN, US","pinus_taeda","cdc,cdround"
"380624889","Magnolia acuminata (L.) L.","Magnolia","acuminata","H",2023,42.054378,-72.265097,"Monson Rd, Monson, MA, US","TG","cdc,cdround"
"380710775","Magnolia acuminata (L.) L.","Magnolia","acuminata","H",2023,35.353611,-83.936667,"Graham County, NC, USA","swafford","cdc,cdround"
"380767672","Magnolia acuminata (L.) L.","Magnolia","acuminata","H",2023,39.999705,-78.317345,"Pointer Rd, Everett, PA, US","iangardner","cdc"
"380906396","Magnolia acuminata (L.) L.","Magnolia","acuminata","H",2023,35.654572,-83.581955,"Sevier County, Great Smoky Mountains National Park, US-TN, US","John DiDiego","cdc,cdround"
"381198302","Magnolia acuminata (L.) L.","Magnolia","acuminata","H",2023,40.963856,-80.113807,"Butler County, PA, USA","Theo Rickert","cdc,cdround"
"381244267","Magnolia acuminata (L.) L.","Magnolia","acuminata","H",2023,40.62513,-79.174645,"Water St, Indiana, PA, US","sunflowerchickadee","cdc"
"381420384","Magnolia acuminata (L.) L.","Magnolia","acuminata","H",2023,40.008406,-79.078083,"Somerset","forageremmie","cdc,cdround"
"381651145","Magnolia acuminata (L.) L.","Magnolia","acuminata","H",2023,38.23875,-85.700706,"Cherokee Park, Louisville, KY, US","colarcobeb98","cdc,cdround"
"387045563","Magnolia acuminata (L.) L.","Magnolia","acuminata","H",2023,34.705678,-83.915413,"US-19, Cleveland, GA, US","Jared Shorma","cdc,cdround"
"389367750","Magnolia acuminata (L.) L.","Magnolia","acuminata","H",2023,35.523261,-82.410716,"Charlotte Hwy, Fairview, NC, US","gertonhiker","cdc,cdround"
"434239467","Magnolia acuminata (L.) L.","Magnolia","acuminata","H",2023,41.415159,-81.457679,"Solon, OH 44139, USA","Chia aka Cory Chiappone","cdc,cdround"
"434270625","Magnolia acuminata (L.) L.","Magnolia","acuminata","H",2023,41.352183,-81.42473,"Solon, OH 44139, USA","Chia aka Cory Chiappone","cdc,cdround"
"441880900","Magnolia acuminata (L.) L.","Magnolia","acuminata","H",2023,41.157417,-81.3712,"Kent, OH, USA","Chia aka Cory Chiappone","cdc,cdround"
"381177634","Magnolia acuminata (L.) L.","Magnolia","acuminata","H",2023,37.285539,-80.419428,"Blacksburg, VA 24060, USA","crolann","cdc,cdround"
"381630437","Magnolia acuminata (L.) L.","Magnolia","acuminata","H",2023,35.154734,-83.581792,"Macon County, NC, USA","David Burke Vandermast","cdc,cdround"
"382002980","Magnolia acuminata (L.) L.","Magnolia","acuminata","H",2023,35.333186,-83.340375,"Sylva, NC 28779, USA","portulaca","cdc,cdround"
"382087244","Magnolia acuminata (L.) L.","Magnolia","acuminata","H",2023,33.256134,-87.668541,"Tuscaloosa County, US-AL, US","bgreg0920","cdc,cdround"
"382091186","Magnolia acuminata (L.) L.","Magnolia","acuminata","H",2023,36.118801,-81.842415,"Linville","Gavin","cdc,cdround"
"382092646","Magnolia acuminata (L.) L.","Magnolia","acuminata","H",2023,42.355873,-79.404359,"Stockton, NY 14784, USA","Priscilla Titus","cdc,cdround"
"382098550","Magnolia acuminata (L.) L.","Magnolia","acuminata","H",2023,39.442159,-79.449527,"United States","Brady O'Brien","cdc,cdround"
"382171116","Magnolia acuminata (L.) L.","Magnolia","acuminata","H",2023,37.288738,-83.626062,"Kentucky, US","ridgerunner40972","cdc,cdround"
"382211926","Magnolia acuminata (L.) L.","Magnolia","acuminata","H",2023,41.561781,-81.42136,"North Chagrin Reservation (US-OH)","Erin Henson","cdc,cdround"
"382507533","Magnolia acuminata (L.) L.","Magnolia","acuminata","H",2023,41.282873,-81.206834,"Mantua Township, OH, USA","mabrigg1005","cdc,cdround"
"383113463","Magnolia acuminata (L.) L.","Magnolia","acuminata","H",2023,37.953842,-80.259133,"Monongahela National Forest, Renick, WV, US","traceclay","cdc,cdround"
"382798705","Magnolia acuminata (L.) L.","Magnolia","acuminata","H",2023,41.109642,-78.758629,"DuBois","john5309","cdc,cdround"
"383206409","Magnolia acuminata (L.) L.","Magnolia","acuminata","H",2023,35.349394,-82.77772,"Pisgah Forest, NC 28768, USA","nlboti","cdc,cdround"
"382977823","Magnolia acuminata (L.) L.","Magnolia","acuminata","H",2023,36.91582,-82.895002,"Harlan County, KY, USA","Sydney Penner","cdc,cdround"
"383215100","Magnolia acuminata (L.) L.","Magnolia","acuminata","H",2023,43.463889,-76.238025,"Academy St, Mexico, NY, US","jaychap","cdc,cdround"
"383263687","Magnolia acuminata (L.) L.","Magnolia","acuminata","H",2023,37.238199,-89.399317,"Illinois, US","abelkinser","cdc,cdround"
"383626215","Magnolia acuminata (L.) L.","Magnolia","acuminata","H",2023,39.360648,-79.240604,"United States","Brady O'Brien","cdc,cdround"
"384206674","Magnolia acuminata (L.) L.","Magnolia","acuminata","H",2023,40.966308,-80.125861,"Prospect, PA, US","Stephen Tirone","cdc,cdround"
"384225673","Magnolia acuminata (L.) L.","Magnolia","acuminata","H",2023,38.7149,-79.53653,"Monongahela National Forest, Riverton, WV, US","paul_dennehy","cdc"
"384306859","Magnolia acuminata (L.) L.","Magnolia","acuminata","H",2023,42.767399,-80.389172,"Simcoe, ON N3Y 4K1, Canada","xenomorphism","cdc,cdround"
"384367999","Magnolia acuminata (L.) L.","Magnolia","acuminata","H",2023,41.218883,-73.88437,"Glengary Ln, Croton-on-Hudson, NY, US","bugsGONEwild","cdc,cdround"
"384447273","Magnolia acuminata (L.) L.","Magnolia","acuminata","H",2023,39.87395,-75.67433,"Longwood Gardens, Kennett Square, PA, US","Jackie Anderson","cdc"
"384504658","Magnolia acuminata (L.) L.","Magnolia","acuminata","H",2023,41.562713,-81.423206,"North Chagrin Reservation (US-OH)","Erin Henson","cdc,cdround"
"384504722","Magnolia acuminata (L.) L.","Magnolia","acuminata","H",2023,41.567355,-81.418857,"North Chagrin Reservation (US-OH)","Erin Henson","cdc,cdround"
"384964763","Magnolia acuminata (L.) L.","Magnolia","acuminata","H",2023,39.698394,-78.941789,"Frostburg, MD, US","quintoreal","cdc,cdround"
"384967621","Magnolia acuminata (L.) L.","Magnolia","acuminata","H",2023,36.381137,-94.204092,"Downtown Bentonville, Bentonville, AR 72712, USA","fulghamlv","cdc,cdround"
"385636017","Magnolia acuminata (L.) L.","Magnolia","acuminata","H",2023,36.909713,-80.322778,"W Main St, Floyd, VA, US","jliverman","cdc,cdround"
"385772434","Magnolia acuminata (L.) L.","Magnolia","acuminata","H",2023,42.545322,-76.600205,"Taughannock Falls State Park, Trumansburg, NY, US","margiemick","cdc,cdround"
"385833181","Magnolia acuminata (L.) L.","Magnolia","acuminata","H",2023,42.449763,-78.865137,"Gowanda, NY, US","sschelble","cdc,cdround"
"395643639","Magnolia acuminata (L.) L.","Magnolia","acuminata","H",2023,38.34141,-81.725068,"Little Creek Park Rd, South Charleston, WV 25309, USA","yakfur","cdc,cdround"
"386395271","Magnolia acuminata (L.) L.","Magnolia","acuminata","H",2023,35.463149,-83.436275,"Bryson City, NC 28713, USA","Will Kuhn","cdc,cdround"
"386797717","Magnolia acuminata (L.) L.","Magnolia","acuminata","H",2023,37.206228,-89.221057,"Illinois, US","Christopher David Benda","cdc,cdround"
"386859807","Magnolia acuminata (L.) L.","Magnolia","acuminata","H",2023,40.291811,-78.582596,"Pavia Township, PA, USA","Nate Hartley","cdc,cdround"
"386881831","Magnolia acuminata (L.) L.","Magnolia","acuminata","H",2023,41.062449,-81.929371,"Ballash Rd, Medina, OH, US","nr_travis","cdc,cdround"
"387036699","Magnolia acuminata (L.) L.","Magnolia","acuminata","H",2023,36.956883,-80.243223,"Floyd, VA, US","skizzard","cdc,cdround"
"386988612","Magnolia acuminata (L.) L.","Magnolia","acuminata","H",2023,41.572362,-80.838498,"Ashtabula County, US-OH, US","tjreiter","cdc,cdround"
"387233537","Magnolia acuminata (L.) L.","Magnolia","acuminata","H",2023,35.989319,-82.540131,"Flag Pond","sechand","cdc,cdround"
"395292814","Magnolia acuminata (L.) L.","Magnolia","acuminata","H",2023,42.101745,-72.330742,"Monson, MA, US","Dan Wilder","cdc,cdround"
"387677651","Magnolia acuminata (L.) L.","Magnolia","acuminata","H",2023,41.274369,-79.488183,"Clarion County, PA, USA","Chuck Williams","cdc,cdround"
"387726401","Magnolia acuminata (L.) L.","Magnolia","acuminata","H",2023,40.993415,-82.110246,"Spencer Rd, West Salem, OH, US","neupoo","cdc,cdround"
"388072986","Magnolia acuminata (L.) L.","Magnolia","acuminata","H",2023,35.355915,-82.010853,"North Carolina, US","White Oak Creek Wildlife Management Area","cdc,cdround"
"388106848","Magnolia acuminata (L.) L.","Magnolia","acuminata","H",2023,40.266292,-78.664463,"Pennsylvania, US","theyeti","cdc,cdround"
"388149400","Magnolia acuminata (L.) L.","Magnolia","acuminata","H",2023,35.085728,-83.133505,"Nantahala National Forest, Highlands, NC, US","jtuttle","cdc,cdround"
"388154176","Magnolia acuminata (L.) L.","Magnolia","acuminata","H",2023,35.353967,-83.937447,"Nantahala National Forest, Robbinsville, NC, US","jtuttle","cdc,cdround"
"388251814","Magnolia acuminata (L.) L.","Magnolia","acuminata","H",2023,40.820998,-81.096709,"Washington Township, OH, USA","azornoutdoors","cdc,cdround"
"388500566","Magnolia acuminata (L.) L.","Magnolia","acuminata","H",2023,41.54302,-81.469681,"Highland Heights Community Park (US-OH)","Erin Henson","cdc,cdround"
"388679682","Magnolia acuminata (L.) L.","Magnolia","acuminata","H",2023,40.521129,-80.473853,"Georgetown, PA 15043, USA","Joe Franckiewicz","cdc"
"388685852","Magnolia acuminata (L.) L.","Magnolia","acuminata","H",2023,40.52062,-80.474128,"Georgetown, PA, US","christianas","cdc,cdround"
"388715959","Magnolia acuminata (L.) L.","Magnolia","acuminata","H",2023,37.9133,-81.135231,"Mount Hope","knconnelly","cdc,cdround"
"391816949","Magnolia acuminata (L.) L.","Magnolia","acuminata","H",2023,42.287325,-79.149486,"Sanford Rd, Cherry Creek, NY, US","agernst64","cdc,cdround"
"388729106","Magnolia acuminata (L.) L.","Magnolia","acuminata","H",2023,40.57665,-80.180642,"Bell Acres, PA, US","rich_jurena","cdc,cdround"
"388862516","Magnolia acuminata (L.) L.","Magnolia","acuminata","H",2023,41.417301,-81.414358,"South Chagrin Reservation (US-OH)","Erin Henson","cdc,cdround"
"388862604","Magnolia acuminata (L.) L.","Magnolia","acuminata","H",2023,41.41917,-81.413722,"South Chagrin Reservation (US-OH)","Erin Henson","cdc,cdround"
"389455948","Magnolia acuminata (L.) L.","Magnolia","acuminata","H",2023,38.103387,-80.269236,"West Virginia, US","Kyle Aldinger","cdc,cdround"
"390009350","Magnolia acuminata (L.) L.","Magnolia","acuminata","H",2023,35.513458,-83.305656,"Swain County, Great Smoky Mountains National Park, US-NC, US","aaronbuffington","cdc,cdround"
"390293502","Magnolia acuminata (L.) L.","Magnolia","acuminata","H",2023,37.816866,-83.658026,"Rosslyn, KY 40380, USA","James Ojascastro","cdc,cdround"
"390346275","Magnolia acuminata (L.) L.","Magnolia","acuminata","H",2023,36.073742,-82.069187,"Pisgah National Forest, Newland, NC, US","Brandon Wheeler","cdc,cdround"
"390567818","Magnolia acuminata (L.) L.","Magnolia","acuminata","H",2023,41.41037,-81.413467,"Bentleyville","tanneradventure","cdc,cdround"
"390710227","Magnolia acuminata (L.) L.","Magnolia","acuminata","H",2023,42.767481,-80.389321,"Walsh Baptist Cemetery, Norfolk County, ON, CA","Dan MacNeal","cdc,cdround"
"390986988","Magnolia acuminata (L.) L.","Magnolia","acuminata","H",2023,39.259064,-76.936302,"Ellicott City","rayglennon","cdc,cdround"
"391316409","Magnolia acuminata (L.) L.","Magnolia","acuminata","H",2023,41.568122,-81.424154,"North Chagrin Nature Center, Mayfield, OH, US","Josh Davidson","cdc,cdround"
"391452494","Magnolia acuminata (L.) L.","Magnolia","acuminata","H",2023,42.297282,-79.599763,"Hardscrabble Rd, Westfield, NY, US","Aaron Sidder","cdc,cdround"
"391705529","Magnolia acuminata (L.) L.","Magnolia","acuminata","H",2023,36.641353,-80.991525,"Galax, VA, US","Beth","cdc,cdround"
"391818738","Magnolia acuminata (L.) L.","Magnolia","acuminata","H",2023,37.015627,-79.903615,"Franklin County, VA, USA","Matt Schultz","cdc,cdround"
"391818739","Magnolia acuminata (L.) L.","Magnolia","acuminata","H",2023,37.015627,-79.903615,"Franklin County, VA, USA","Matt Schultz","cdc,cdround"
"391822197","Magnolia acuminata (L.) L.","Magnolia","acuminata","H",2023,37.01716,-79.896502,"Franklin County, VA, USA","Matt Schultz","cdc,cdround"
"392584591","Magnolia acuminata (L.) L.","Magnolia","acuminata","H",2023,35.957687,-93.407037,"Buffalo National River, Pettigrew, AR, US","Caleb Helsel","cdc,cdround"
"393304848","Magnolia acuminata (L.) L.","Magnolia","acuminata","H",2023,36.14344,-82.290917,"Unicoi County, TN, USA","Zach Irick","cdc,cdround"
"394894127","Magnolia acuminata (L.) L.","Magnolia","acuminata","H",2023,42.100518,-72.327664,"Monson, MA, US","ebbbbbbbbbbt","cdc,cdround"
"398918433","Magnolia acuminata (L.) L.","Magnolia","acuminata","H",2023,42.266758,-78.106986,"Allegany County, NY, USA","hazel_jade","cdc,cdround"
"399525826","Magnolia acuminata (L.) L.","Magnolia","acuminata","H",2023,36.864221,-81.95179,"Washington County, VA, USA","Siddarth Machado","cdc,cdround"
"400319324","Magnolia acuminata (L.) L.","Magnolia","acuminata","H",2023,41.313822,-79.919266,"Polk, PA, US","kcampbell0613","cdc,cdround"
"407869724","Magnolia acuminata (L.) L.","Magnolia","acuminata","H",2023,42.757907,-80.261978,"Haldimand-Norfolk, Ontario, Canada","Desmond MacNeal","cdc,cdround"
"409135709","Magnolia acuminata (L.) L.","Magnolia","acuminata","H",2023,42.702106,-78.751548,"Orchard Park, NY, USA","Bob Schwartz","cdc,cdround"
"423312441","Magnolia acuminata (L.) L.","Magnolia","acuminata","H",2023,39.698482,-78.938627,"Midland, MD 21532, USA","timorous_worm","cdc,cdround"
"392508914","Magnolia acuminata (L.) L.","Magnolia","acuminata","H",2023,35.826712,-82.220688,"Pisgah National Forest, Burnsville, NC, US","dancingbird99","cdc,cdround"
"393170604","Magnolia acuminata (L.) L.","Magnolia","acuminata","H",2023,41.412385,-81.967292,"Bradley Woods Reservation, Westlake, OH, US","Jen Brumfield","cdc,cdround"
"393317933","Magnolia acuminata (L.) L.","Magnolia","acuminata","H",2023,41.318034,-80.891631,"Trumbull County, OH, USA","Greg Cudworth","cdc,cdround"
"393565782","Magnolia acuminata (L.) L.","Magnolia","acuminata","H",2023,41.257885,-81.340987,"Ohio, US","Summit Metro Parks","cdc,cdround"
"393883525","Magnolia acuminata (L.) L.","Magnolia","acuminata","H",2023,41.252164,-73.658726,"John Jay Homestead State Historic Site, Katonah, NY, US","Molly Hickey","cdc,cdround"
"393971430","Magnolia acuminata (L.) L.","Magnolia","acuminata","H",2023,42.052862,-80.164853,"Equestrian Dr, Erie, PA, US","colson21","cdc,cdround"
"393999096","Magnolia acuminata (L.) L.","Magnolia","acuminata","H",2023,39.521881,-79.342644,"Oakland","hixen47","cdc,cdround"
"394021130","Magnolia acuminata (L.) L.","Magnolia","acuminata","H",2023,41.852755,-78.969475,"Allegheny National Forest, Warren, PA, US","chloect","cdc,cdround"
"394368779","Magnolia acuminata (L.) L.","Magnolia","acuminata","H",2023,40.128017,-81.498952,"Salt Fork State Park, Kimbolton, OH, US","klips","cdc,cdround"
"395203169","Magnolia acuminata (L.) L.","Magnolia","acuminata","H",2023,36.033478,-81.065054,"Wilkes County, NC, USA","Robert Russo","cdc,cdround"
"395434992","Magnolia acuminata (L.) L.","Magnolia","acuminata","H",2023,42.360967,-76.671325,"Newfield, NY, US","spiker","cdc,cdround"
"395548162","Magnolia acuminata (L.) L.","Magnolia","acuminata","H",2023,42.241547,-79.584075,"Westfield, NY, US","ehmooney","cdc,cdround"
"395596531","Magnolia acuminata (L.) L.","Magnolia","acuminata","H",2023,41.998603,-80.429742,"Holliday Rd, East Springfield, PA, US","Koa Reitz","cdc,cdround"
"396108655","Magnolia acuminata (L.) L.","Magnolia","acuminata","H",2023,41.218972,-73.884497,"Glengary Ln, Croton-on-Hudson, NY, US","bugsGONEwild","cdc,cdround"
"396250604","Magnolia acuminata (L.) L.","Magnolia","acuminata","H",2023,39.510318,-79.376956,"Lake Forest Dr, Oakland, MD, US","paytondeleva","cdc,cdround"
"396924961","Magnolia acuminata (L.) L.","Magnolia","acuminata","H",2023,42.31305,-76.501812,"Danby, NY, USA","peakaytea","cdc,cdround"
"397178062","Magnolia acuminata (L.) L.","Magnolia","acuminata","H",2023,42.313281,-76.497403,"Tompkins County, NY, USA","Pat Deacon","cdc,cdround"
"397222802","Magnolia acuminata (L.) L.","Magnolia","acuminata","H",2023,41.423613,-81.421616,"Miles Rd, Bentleyville, OH, US","holdenlukastaylor","cdc,cdround"
"397502995","Magnolia acuminata (L.) L.","Magnolia","acuminata","H",2023,39.509604,-79.284197,"Glen Acres Rd, Swanton, MD, US","aptvardzik","cdc,cdround"
"397461346","Magnolia acuminata (L.) L.","Magnolia","acuminata","H",2023,40.405107,-78.974694,"Seward, PA, US","annagypsy","cdc,cdround"
"402268439","Magnolia acuminata (L.) L.","Magnolia","acuminata","H",2023,35.826705,-82.22072,"Yancey County, US-NC, US","dancingbird99","cdc"
"397891979","Magnolia acuminata (L.) L.","Magnolia","acuminata","H",2023,42.313453,-76.500703,"Spencer, NY, US","Jacqueline Weber","cdc,cdround"
"398031878","Magnolia acuminata (L.) L.","Magnolia","acuminata","H",2023,41.090095,-81.431714,"Ohio, US","Summit Metro Parks","cdc,cdround"
"398138884","Magnolia acuminata (L.) L.","Magnolia","acuminata","H",2023,40.983147,-81.308571,"Hartville, OH 44632, USA","Todd Roland","cdc,cdround"
"398195396","Magnolia acuminata (L.) L.","Magnolia","acuminata","H",2023,35.095113,-86.035719,"Belvidere, TN 37306, USA","Helen A. Czech","cdc,cdround"
"398458951","Magnolia acuminata (L.) L.","Magnolia","acuminata","H",2023,39.663897,-78.914856,"Midland, MD 21532, USA","gjj","cdc,cdround"
"398720021","Magnolia acuminata (L.) L.","Magnolia","acuminata","H",2023,41.276024,-81.767594,"Hinckley Township, OH 44233, USA","theancientwatcher","cdc,cdround"
"399111301","Magnolia acuminata (L.) L.","Magnolia","acuminata","H",2023,42.702847,-78.753045,"Chestnut Ridge, Orchard Park, NY, US","traff27","cdc,cdround"
"399126335","Magnolia acuminata (L.) L.","Magnolia","acuminata","H",2023,31.101906,-89.17942,"Mississippi, US","alli-gator","cdc,cdround"
"399911934","Magnolia acuminata (L.) L.","Magnolia","acuminata","H",2023,37.910117,-79.199819,"Raphine, VA 24472, USA","chiphildreth","cdc,cdround"
"399192218","Magnolia acuminata (L.) L.","Magnolia","acuminata","H",2023,42.116918,-79.988803,"Erie County, US-PA, US","amwagner","cdc,cdround"
"399222432","Magnolia acuminata (L.) L.","Magnolia","acuminata","H",2023,35.400945,-82.757728,"Pisgah National Forest, Pisgah Forest, NC, US","clemsonfloyd","cdc,cdround"
"399323101","Magnolia acuminata (L.) L.","Magnolia","acuminata","H",2023,41.330967,-80.252533,"Breese Rd, Fredonia, PA, US","Laura Hlusko","cdc,cdround"
"399323493","Magnolia acuminata (L.) L.","Magnolia","acuminata","H",2023,35.152778,-85.3937,"Prentice Cooper State Forest, Chattanooga, TN, US","Hill Craddock","cdc,cdround"
"399424453","Magnolia acuminata (L.) L.","Magnolia","acuminata","H",2023,37.94495,-79.792,"George Washington & Jefferson National Forests, Millboro, VA, US","Izabella Farr","cdc"
"399429431","Magnolia acuminata (L.) L.","Magnolia","acuminata","H",2023,37.94513,-79.79203,"George Washington & Jefferson National Forests, Millboro, VA, US","Jeff Clark","cdc"
"401209751","Magnolia acuminata (L.) L.","Magnolia","acuminata","H",2023,41.617197,-80.115326,"Springs Rd, Meadville, PA, US","chrishlundberg","cdc,cdround"
"399518494","Magnolia acuminata (L.) L.","Magnolia","acuminata","H",2023,37.858567,-81.476662,"Naoma, WV, US","Stephanie Lyon","cdc,cdround"
"399601413","Magnolia acuminata (L.) L.","Magnolia","acuminata","H",2023,36.212108,-81.69258,"Watauga County, US-NC, US","zzzzzoe","cdc,cdround"
"399662756","Magnolia acuminata (L.) L.","Magnolia","acuminata","H",2023,39.684831,-78.31696,"Allegany County, MD, USA","forestseasons","cdc,cdround"
"399847146","Magnolia acuminata (L.) L.","Magnolia","acuminata","H",2023,39.526233,-78.296202,"West Virginia, US","Talynn Schechter","cdc,cdround"
"399946233","Magnolia acuminata (L.) L.","Magnolia","acuminata","H",2023,40.106167,-80.666138,"Oglebay Dr, Wheeling, WV, US","obviouslynewhere","cdc,cdround"
"399965047","Magnolia acuminata (L.) L.","Magnolia","acuminata","H",2023,35.812966,-85.637422,"Rock Island State Park, Rock Island, TN, US","ejgreene","cdc,cdround"
"400031671","Magnolia acuminata (L.) L.","Magnolia","acuminata","H",2023,37.925967,-79.125528,"Raphine, VA 24472, USA","Carol Mullen","cdc,cdround"
"400271927","Magnolia acuminata (L.) L.","Magnolia","acuminata","H",2023,40.526293,-78.010721,"Petersburg Pike, Petersburg, PA, US","Payton Miller","cdc,cdround"
"400600973","Magnolia acuminata (L.) L.","Magnolia","acuminata","H",2023,40.953386,-80.16912,"Slippery Rock Township, PA, USA","Joe Franckiewicz","cdc,cdround"
"400660580","Magnolia acuminata (L.) L.","Magnolia","acuminata","H",2023,40.802897,-80.131722,"Harmony, PA, USA","Dawn Wehman","cdc,cdround"
"401210652","Magnolia acuminata (L.) L.","Magnolia","acuminata","H",2023,37.946762,-79.800225,"George Washington & Jefferson National Forests, Hot Springs, VA, US","Jeff Clark","cdc,cdround"
"400853569","Magnolia acuminata (L.) L.","Magnolia","acuminata","H",2023,35.811424,-78.716601,"Raleigh, NC 27607, USA","pollutedfruit","cdc,cdround"
"400932218","Magnolia acuminata (L.) L.","Magnolia","acuminata","H",2023,40.081355,-75.231352,"Philadelphia, PA 19128, USA","shaidar","cdc"
"400950789","Magnolia acuminata (L.) L.","Magnolia","acuminata","H",2023,35.507753,-91.830772,"Wilburn, AR, US","boverser","cdc,cdround"
"401013368","Magnolia acuminata (L.) L.","Magnolia","acuminata","H",2023,41.043251,-78.428917,"Bowmans Hill Rd, Clearfield, PA, US","a_myers_10","cdc,cdround"
"401043723","Magnolia acuminata (L.) L.","Magnolia","acuminata","H",2023,37.90825,-79.185527,"Virginia, US","Billy Gottenstrater","cdc,cdround"
"401214565","Magnolia acuminata (L.) L.","Magnolia","acuminata","H",2023,41.687355,-79.577747,"Southwest Township, PA, USA","creekgirl","cdc,cdround"
"401302988","Magnolia acuminata (L.) L.","Magnolia","acuminata","H",2023,39.368497,-80.11303,"Currey Rd, Grafton, WV, US","Mikie Taylor","cdc,cdround"
"401424911","Magnolia acuminata (L.) L.","Magnolia","acuminata","H",2023,37.946812,-79.800203,"George Washington & Jefferson National Forests, Hot Springs, VA, US","Izabella Farr","cdc,cdround"
"401523355","Magnolia acuminata (L.) L.","Magnolia","acuminata","H",2023,39.348563,-78.492897,"Canvas Ln, Capon Bridge, WV, US","brlintner","cdc,cdround"
"401587718","Magnolia acuminata (L.) L.","Magnolia","acuminata","H",2023,36.865421,-80.094124,"Franklin County, US, VA County, US-VA, US","lovecamp","cdc,cdround"
"401738793","Magnolia acuminata (L.) L.","Magnolia","acuminata","H",2023,41.385412,-81.073083,"Nash Rd, Middlefield, OH, US","redbarn6886","cdc,cdround"
"401753816","Magnolia acuminata (L.) L.","Magnolia","acuminata","H",2023,42.116985,-80.116773,"Erie, PA 16505, USA","Tyler Brooks","cdc,cdround"
"401788586","Magnolia acuminata (L.) L.","Magnolia","acuminata","H",2023,41.422892,-81.176633,"Geauga, Ohio, United States","Michael Hinczewski","cdc,cdround"
"402708663","Magnolia acuminata (L.) L.","Magnolia","acuminata","H",2023,41.184327,-81.470621,"Ohio, US","Summit Metro Parks","cdc,cdround"
"402763863","Magnolia acuminata (L.) L.","Magnolia","acuminata","H",2023,34.358005,-87.877546,"Phil Campbell, AL, US","wmcalpine","cdc,cdround"
"403017187","Magnolia acuminata (L.) L.","Magnolia","acuminata","H",2023,36.161628,-81.874038,"Lees-McRae College, Banner Elk, NC, US","Jedda","cdc,cdround"
"403374857","Magnolia acuminata (L.) L.","Magnolia","acuminata","H",2023,40.139214,-79.161592,"Laurel Summit Rd, Somerset, PA, US","Karen Zermatt","cdc,cdround"
"403741303","Magnolia acuminata (L.) L.","Magnolia","acuminata","H",2023,40.32077,-75.189151,"Creek Rd, Doylestown, PA, US","sprimps","cdc,cdround"
"441045706","Magnolia acuminata (L.) L.","Magnolia","acuminata","H",2023,41.55949,-81.13374,"Geauga County, OH, USA","Chia aka Cory Chiappone","cdc"
"403656097","Magnolia acuminata (L.) L.","Magnolia","acuminata","H",2023,42.380845,-76.656175,"Newfield, NY, US","spiker","cdc"
"403754276","Magnolia acuminata (L.) L.","Magnolia","acuminata","H",2023,41.300638,-80.321698,"Jefferson Township, PA, USA","Kim Springer","cdc,cdround"
"403864163","Magnolia acuminata (L.) L.","Magnolia","acuminata","H",2023,37.707533,-89.227072,"Southern Illinois University, Carbondale, IL, US","Brendanlikesbugs","cdc,cdround"
"403874425","Magnolia acuminata (L.) L.","Magnolia","acuminata","H",2023,37.708278,-89.229133,"Southern Illinois University, Carbondale, IL, US","Zach Skubiszewski","cdc,cdround"
"404035545","Magnolia acuminata (L.) L.","Magnolia","acuminata","H",2023,38.230643,-85.714691,"Tyler Park, Louisville, KY, USA","Chami Family","cdc,cdround"
"404088549","Magnolia acuminata (L.) L.","Magnolia","acuminata","H",2023,40.109101,-88.254431,"S New St, Champaign, IL, US","karen_t","cdc,cdround"
"404203883","Magnolia acuminata (L.) L.","Magnolia","acuminata","H",2023,34.684158,-94.370379,"Mena, AR 71953, USA","mtmeador","cdc,cdround"
"404361613","Magnolia acuminata (L.) L.","Magnolia","acuminata","H",2023,43.2288,-77.561894,"Durand Eastman Park, Rochester, NY, US","Sandy Wolkenberg","cdc,cdround"
"404546400","Magnolia acuminata (L.) L.","Magnolia","acuminata","H",2023,39.685122,-79.413338,"Good Hope Rd, Friendsville, MD, US","Caleb Strand","cdc,cdround"
"404623091","Magnolia acuminata (L.) L.","Magnolia","acuminata","H",2023,39.685067,-79.41335,"Friendsville, MD 21531, USA","Alina Martin","cdc,cdround"
"404752033","Magnolia acuminata (L.) L.","Magnolia","acuminata","H",2023,39.11774,-79.771083,"Tucker County, WV, USA","Randy Bodkins","cdc,cdround"
"404906704","Magnolia acuminata (L.) L.","Magnolia","acuminata","H",2023,36.330975,-84.224547,"Caryville, TN, US","Shelby Lyn Sanders","cdc,cdround"
"405381643","Magnolia acuminata (L.) L.","Magnolia","acuminata","H",2023,35.37277,-82.814927,"Haywood County, NC, USA","Nate Hartley","cdc,cdround"
"405546056","Magnolia acuminata (L.) L.","Magnolia","acuminata","H",2023,40.124108,-79.18228,"Wolf Rocks Trail, Boswell, PA, US","Jeff Clark","cdc,cdround"
"405672806","Magnolia acuminata (L.) L.","Magnolia","acuminata","H",2023,35.64088,-93.540772,"Ozark-St. Francis National Forests, Oark, AR, US","turkey911","cdc,cdround"
"405861478","Magnolia acuminata (L.) L.","Magnolia","acuminata","H",2023,40.124008,-79.182305,"Wolf Rocks Trail, Boswell, PA, US","Izabella Farr","cdc,cdround"
"406184938","Magnolia acuminata (L.) L.","Magnolia","acuminata","H",2023,35.172731,-83.02628,"Nantahala National Forest, Tuckasegee, NC, US","mkling","cdc,cdround"
"406232354","Magnolia acuminata (L.) L.","Magnolia","acuminata","H",2023,36.03155,-81.829628,"Pisgah National Forest, Newland, NC, US","Jedda","cdc,cdround"
"406447444","Magnolia acuminata (L.) L.","Magnolia","acuminata","H",2023,40.180004,-79.100601,"Sequanota","Isaiah Bednash","cdc,cdround"
"406458255","Magnolia acuminata (L.) L.","Magnolia","acuminata","H",2023,40.180004,-79.100601,"Sequanota","Isaiah Bednash","cdc,cdround"
"406521917","Magnolia acuminata (L.) L.","Magnolia","acuminata","H",2023,35.163195,-90.716528,"Cross County, AR, USA","Joe","cdc"
"407136328","Magnolia acuminata (L.) L.","Magnolia","acuminata","H",2023,42.608946,-80.612145,"Haldimand-Norfolk, CA-ON, CA","lilys39","cdc,cdround"
"406847611","Magnolia acuminata (L.) L.","Magnolia","acuminata","H",2023,41.940917,-80.473122,"West Springfield, PA 16443, USA","Levana Taylor","cdc,cdround"
"406889573","Magnolia acuminata (L.) L.","Magnolia","acuminata","H",2023,36.156525,-81.878128,"Pisgah National Forest, Banner Elk, NC, US","Jedda","cdc,cdround"
"407201036","Magnolia acuminata (L.) L.","Magnolia","acuminata","H",2023,40.834217,-74.192405,"Brookdale Park, Montclair, NJ, US","kaukasischefluegelnuss","cdc,cdround"
"407216479","Magnolia acuminata (L.) L.","Magnolia","acuminata","H",2023,39.768955,-78.814776,"United States","Brady O'Brien","cdc,cdround"
"407271740","Magnolia acuminata (L.) L.","Magnolia","acuminata","H",2023,37.384167,-79.53955,"Bedford, VA 24523, USA","Ilana","cdc,cdround"
"407319938","Magnolia acuminata (L.) L.","Magnolia","acuminata","H",2023,35.794701,-83.759877,"Tennessee, US","Brandon Corder","cdc,cdround"
"407510316","Magnolia acuminata (L.) L.","Magnolia","acuminata","H",2023,40.532656,-80.588801,"NEW CUMBERLND, WV 26047, USA","Joe Franckiewicz","cdc"
"407814029","Magnolia acuminata (L.) L.","Magnolia","acuminata","H",2023,41.91912,-80.128217,"Erie County, PA, USA","Natalie Waddell-Rutter","cdc,cdround"
"407861884","Magnolia acuminata (L.) L.","Magnolia","acuminata","H",2023,39.667938,-79.621284,"Brandonville","jimmy986","cdc,cdround"
"407862740","Magnolia acuminata (L.) L.","Magnolia","acuminata","H",2023,38.577169,-79.701617,"Pocahontas County, WV, USA","Randy Bodkins","cdc,cdround"
"408229410","Magnolia acuminata (L.) L.","Magnolia","acuminata","H",2023,36.884327,-81.521678,"Smyth County, US-VA, US","jbluongo","cdc,cdround"
"408230973","Magnolia acuminata (L.) L.","Magnolia","acuminata","H",2023,37.366627,-80.527875,"Giles County, US-VA, US","jbluongo","cdc,cdround"
"408230994","Magnolia acuminata (L.) L.","Magnolia","acuminata","H",2023,37.366024,-80.527786,"Giles County, US-VA, US","jbluongo","cdc,cdround"
"408231018","Magnolia acuminata (L.) L.","Magnolia","acuminata","H",2023,37.366699,-80.526175,"Giles County, US-VA, US","jbluongo","cdc,cdround"
"408231051","Magnolia acuminata (L.) L.","Magnolia","acuminata","H",2023,37.366887,-80.525924,"Giles County, US-VA, US","jbluongo","cdc,cdround"
"408232934","Magnolia acuminata (L.) L.","Magnolia","acuminata","H",2023,37.425612,-80.559557,"Giles County, US-VA, US","jbluongo","cdc,cdround"
"408380804","Magnolia acuminata (L.) L.","Magnolia","acuminata","H",2023,36.072331,-84.854488,"Crossville, TN 38571, USA","jdowlen","cdc,cdround"
"408488459","Magnolia acuminata (L.) L.","Magnolia","acuminata","H",2023,43.006114,-78.7938,"University at Buffalo, Buffalo, NY, US","Albert E. Fulton, Ph.D.","cdc,cdround"
"408523170","Magnolia acuminata (L.) L.","Magnolia","acuminata","H",2023,34.97884,-85.811822,"Bridgeport, AL 35740, USA","Mary Shew","cdc,cdround"
"408559836","Magnolia acuminata (L.) L.","Magnolia","acuminata","H",2023,39.461104,-79.476659,"United States","Josh Emm","cdc,cdround"
"408984532","Magnolia acuminata (L.) L.","Magnolia","acuminata","H",2023,33.23822,-86.919327,"Shelby County, US-AL, US","knconnelly","cdc,cdround"
"409082633","Magnolia acuminata (L.) L.","Magnolia","acuminata","H",2023,42.257931,-71.835638,"idk, Worcester, MA 01602, USA","John","cdc,cdround"
"409173301","Magnolia acuminata (L.) L.","Magnolia","acuminata","H",2023,42.237591,-79.587219,"Mayville, NY 14757, USA","Steven DM","cdc,cdround"
"409179340","Magnolia acuminata (L.) L.","Magnolia","acuminata","H",2023,35.073985,-83.628579,"North Carolina, US","lillybyrd","cdc,cdround"
"409476886","Magnolia acuminata (L.) L.","Magnolia","acuminata","H",2023,41.420475,-81.423081,"Bentleyville, OH, USA","alcadesky","cdc,cdround"
"409660490","Magnolia acuminata (L.) L.","Magnolia","acuminata","H",2023,42.647623,-80.44918,"Haldimand-Norfolk, CA-ON, CA","ndoerr88","cdc,cdround"
"410005456","Magnolia acuminata (L.) L.","Magnolia","acuminata","H",2023,41.336543,-81.424636,"Twinsburg, OH 44087, USA","Julie","cdc,cdround"
"410020111","Magnolia acuminata (L.) L.","Magnolia","acuminata","H",2023,41.219286,-81.699876,"Hinckley Township, OH 44233, USA","Richard Moore","cdc,cdround"
"410662555","Magnolia acuminata (L.) L.","Magnolia","acuminata","H",2023,42.583,-78.027939,"Letchworth State Park, Hunt, NY, US","julianna_skill","cdc,cdround"
"411051441","Magnolia acuminata (L.) L.","Magnolia","acuminata","H",2023,42.669828,-78.711608,"Omphalius Rd, Colden, NY, US","Albert E. Fulton, Ph.D.","cdc,cdround"
"411449592","Magnolia acuminata (L.) L.","Magnolia","acuminata","H",2023,40.301737,-80.001484,"Allegheny County, US-PA, US","kenbehrens","cdc,cdround"
"411004308","Magnolia acuminata (L.) L.","Magnolia","acuminata","H",2023,42.116902,-80.11673,"Erie, PA 16505, USA","Tyler Brooks","cdc"
"411245077","Magnolia acuminata (L.) L.","Magnolia","acuminata","H",2023,42.426175,-71.237047,"Hayden Woods, Lexington, MA, US","Barbara Katzenberg","cdc,cdround"
"412521689","Magnolia acuminata (L.) L.","Magnolia","acuminata","H",2023,39.627813,-79.864528,"Monongalia County, WV, USA","augochlora","cdc,cdround"
"411740374","Magnolia acuminata (L.) L.","Magnolia","acuminata","H",2023,36.194805,-81.76065,"Pisgah National Forest, Banner Elk, NC, US","Anthony J. Mills","cdc"
"411978934","Magnolia acuminata (L.) L.","Magnolia","acuminata","H",2023,36.211058,-81.678561,"Appalachian State University, Boone, NC, US","dendro-julia","cdc,cdround"
"412082109","Magnolia acuminata (L.) L.","Magnolia","acuminata","H",2023,37.838275,-81.066441,"Raleigh County, WV, USA","Dwight Baker","cdc,cdround"
"412093450","Magnolia acuminata (L.) L.","Magnolia","acuminata","H",2023,37.847416,-81.063229,"Raleigh County, WV, USA","Dwight Baker","cdc,cdround"
"412247821","Magnolia acuminata (L.) L.","Magnolia","acuminata","H",2023,41.219337,-81.699621,"Hinckley, OH, US","jmcclain","cdc,cdround"
"412541025","Magnolia acuminata (L.) L.","Magnolia","acuminata","H",2023,36.213242,-81.688408,"Appalachian State University, Boone, NC, US","Anthony J. Mills","cdc,cdround"
"412648878","Magnolia acuminata (L.) L.","Magnolia","acuminata","H",2023,36.211792,-81.692567,"Appalachian State University, Boone, NC, US","Anthony J. Mills","cdc,cdround"
"413190011","Magnolia acuminata (L.) L.","Magnolia","acuminata","H",2023,42.276611,-83.806541,"Haisley, Ann Arbor, MI, US","rollinbresson","cdc,cdround"
"413211807","Magnolia acuminata (L.) L.","Magnolia","acuminata","H",2023,41.64348,-81.126514,"Radcliffe Rd, Chardon, OH, US","rollinbresson","cdc,cdround"
"413308133","Magnolia acuminata (L.) L.","Magnolia","acuminata","H",2023,31.610155,-87.814713,"Grove Hill, AL, US","Howard Horne","cdc,cdround"
"413309772","Magnolia acuminata (L.) L.","Magnolia","acuminata","H",2023,41.299591,-81.80075,"Strongsville, OH 44136, USA","Richard Moore","cdc,cdround"
"413334922","Magnolia acuminata (L.) L.","Magnolia","acuminata","H",2023,35.122578,-85.919237,"Sewanee, TN, US","dpvision","cdc,cdround"
"413356139","Magnolia acuminata (L.) L.","Magnolia","acuminata","H",2023,40.668863,-77.909653,"Discovery Rd, Petersburg, PA, US","Andrew Conboy","cdc,cdround"
"413683742","Magnolia acuminata (L.) L.","Magnolia","acuminata","H",2023,41.215917,-81.695781,"Medina County, OH, USA","Max Miller","cdc,cdround"
"422106708","Magnolia acuminata (L.) L.","Magnolia","acuminata","H",2023,39.893295,-79.498049,"Fayette County, PA, USA","William J. Deml","cdc,cdround"
"446208392","Magnolia acuminata (L.) L.","Magnolia","acuminata","H",2023,41.376298,-81.548965,"Walton Hills, OH 44146, USA","Chia aka Cory Chiappone","cdc,cdround"
"413662686","Magnolia acuminata (L.) L.","Magnolia","acuminata","H",2023,42.576303,-83.375787,"Orchard Lake Nature Sanctuary, Orchard Lake, MI, US","Camryn Brent","cdc,cdround"
"414188631","Magnolia acuminata (L.) L.","Magnolia","acuminata","H",2023,41.654779,-80.521315,"Ashtabula County, US-OH, US","bakerl1728","cdc,cdround"
"414535330","Magnolia acuminata (L.) L.","Magnolia","acuminata","H",2023,37.423652,-89.337318,"Illinois, US","Zach Skubiszewski","cdc,cdround"
"414580643","Magnolia acuminata (L.) L.","Magnolia","acuminata","H",2023,39.641402,-78.690572,"United States","Aidan","cdc,cdround"
"415441687","Magnolia acuminata (L.) L.","Magnolia","acuminata","H",2023,37.921253,-79.086967,"George Washington & Jefferson National Forests, Raphine, VA, US","superdambar","cdc,cdround"
"415641782","Magnolia acuminata (L.) L.","Magnolia","acuminata","H",2023,42.110656,-79.988608,"Norcross Rd, Erie, PA, US","spencero0","cdc,cdround"
"415701367","Magnolia acuminata (L.) L.","Magnolia","acuminata","H",2023,41.407875,-79.97089,"Pennsylvania, US","nature_nerd1164","cdc,cdround"
"415773835","Magnolia acuminata (L.) L.","Magnolia","acuminata","H",2023,40.166306,-79.347675,"Foggy Mountain Ln, Stahlstown, PA, US","Mason Heberling","cdc,cdround"
"415866138","Magnolia acuminata (L.) L.","Magnolia","acuminata","H",2023,32.609115,-85.915076,"Tallassee, AL 36078, USA","Alvin Diamond","cdc,cdround"
"415897549","Magnolia acuminata (L.) L.","Magnolia","acuminata","H",2023,41.396007,-70.679826,"Vineyard Haven, MA 02568, USA","Elizabeth","cdc,cdround"
"415946797","Magnolia acuminata (L.) L.","Magnolia","acuminata","H",2023,37.412562,-89.462817,"Illinois, US","Zach Skubiszewski","cdc,cdround"
"417557424","Magnolia acuminata (L.) L.","Magnolia","acuminata","H",2023,34.739202,-86.507392,"Huntsville, AL 35801, USA","Helen A. Czech","cdc,cdround"
"417750881","Magnolia acuminata (L.) L.","Magnolia","acuminata","H",2023,34.724362,-86.526014,"Huntsville, AL 35801, USA","katmoel","cdc,cdround"
"418526084","Magnolia acuminata (L.) L.","Magnolia","acuminata","H",2023,41.340064,-79.212356,"Clarion County, PA, USA","Andrew Conboy","cdc,cdround"
"419089259","Magnolia acuminata (L.) L.","Magnolia","acuminata","H",2023,41.219336,-81.712299,"Hinckley Township, OH 44233, USA","Paul Pernici","cdc,cdround"
"419202580","Magnolia acuminata (L.) L.","Magnolia","acuminata","H",2023,41.109326,-81.340415,"4484 Edson Rd, Kent, OH 44240","Brimfield Township Parks and Recreation","cdc,cdround"
"419561556","Magnolia acuminata (L.) L.","Magnolia","acuminata","H",2023,41.8517,-78.863838,"Allegheny National Forest, Bradford, PA, US","kindle_73","cdc,cdround"
"427470471","Magnolia acuminata (L.) L.","Magnolia","acuminata","H",2023,35.508442,-81.039879,"Denver, NC, US","stephanie_riano","cdc,cdround"
"419800734","Magnolia acuminata (L.) L.","Magnolia","acuminata","H",2023,40.212426,-74.938519,"George School, Newtown, PA, US","gong_k","cdc,cdround"
"419874113","Magnolia acuminata (L.) L.","Magnolia","acuminata","H",2023,35.594255,-83.0093,"Waynesville, NC 28785, USA","Lori A Owenby","cdc"
"420315195","Magnolia acuminata (L.) L.","Magnolia","acuminata","H",2023,39.626614,-78.618045,"Allegany County, US-MD, US","William Michael O'Boyle","cdc,cdround"
"420323771","Magnolia acuminata (L.) L.","Magnolia","acuminata","H",2023,41.004737,-81.112247,"Ohio, US","Jessica Williams","cdc,cdround"
"420660330","Magnolia acuminata (L.) L.","Magnolia","acuminata","H",2023,37.315488,-89.477721,"Illinois, US","Matt Tomlinson","cdc,cdround"
"421441516","Magnolia acuminata (L.) L.","Magnolia","acuminata","H",2023,36.606968,-83.63357,"Cumberland Gap National Historical Park, Ewing, VA, US","ryantaylor","cdc,cdround"
"421743862","Magnolia acuminata (L.) L.","Magnolia","acuminata","H",2023,41.676112,-81.236939,"Concord Woods Nature Park, Lake County, OH, USA","libbyfeil","cdc,cdround"
"421976728","Magnolia acuminata (L.) L.","Magnolia","acuminata","H",2023,36.194976,-81.760828,"Pisgah National Forest, Banner Elk, NC, US","jenkinslauren","cdc,cdround"
"422008077","Magnolia acuminata (L.) L.","Magnolia","acuminata","H",2023,33.385186,-86.837915,"Village Green Cir, Hoover, AL, US","Ken Wills","cdc,cdround"
"422069110","Magnolia acuminata (L.) L.","Magnolia","acuminata","H",2023,38.940533,-79.945965,"Randolph County, WV, USA","Randy Bodkins","cdc,cdround"
"422298910","Magnolia acuminata (L.) L.","Magnolia","acuminata","H",2023,41.210993,-81.364403,"Streetsboro, OH, USA","Michael Hinczewski","cdc,cdround"
"422298912","Magnolia acuminata (L.) L.","Magnolia","acuminata","H",2023,41.211226,-81.364049,"Streetsboro, OH, USA","Michael Hinczewski","cdc,cdround"
"422298913","Magnolia acuminata (L.) L.","Magnolia","acuminata","H",2023,41.211175,-81.363847,"Streetsboro, OH, USA","Michael Hinczewski","cdc,cdround"
"422806344","Magnolia acuminata (L.) L.","Magnolia","acuminata","H",2023,35.922628,-79.107756,"NC-54, Carrboro, NC, US","Jared Evans","cdc,cdround"
"431566187","Magnolia acuminata (L.) L.","Magnolia","acuminata","H",2023,37.022378,-84.323045,"Daniel Boone National Forest, London, KY, US","Ethan Wells","cdc,cdround"
"431566400","Magnolia acuminata (L.) L.","Magnolia","acuminata","H",2023,37.022433,-84.322836,"Daniel Boone National Forest, London, KY, US","Ethan Wells","cdc,cdround"
"435083447","Magnolia acuminata (L.) L.","Magnolia","acuminata","H",2023,42.001966,-78.927113,"Cattaraugus County, NY, USA","Erik Danielsen","cdc,cdround"
"441254998","Magnolia acuminata (L.) L.","Magnolia","acuminata","H",2023,37.505662,-89.341208,"Shawnee National Forest, Alto Pass, IL, US","Daniel Pohl","cdc,cdround"
"443787177","Magnolia acuminata (L.) L.","Magnolia","acuminata","H",2023,41.671238,-81.181805,"Lake County, OH, USA","Chia aka Cory Chiappone","cdc,cdround"
"443791273","Magnolia acuminata (L.) L.","Magnolia","acuminata","H",2023,41.665899,-81.173939,"Lake County, OH, USA","Chia aka Cory Chiappone","cdc,cdround"
